experiment_id,task,horizon,model_family,hyperparameter,primary_metric,mean_ic,icir,pct_positive_ic,rmse,roc_auc,log_loss,top10_uplift,selected_within_horizon,test_used
logistic-classification-5d-c0p01-qbaselinev1-prepv1,classification,5,logistic,0.01,roc_auc,,,,,0.5361766651260502,0.6869821005666862,,True,False
logistic-classification-5d-c0p1-qbaselinev1-prepv1,classification,5,logistic,0.1,roc_auc,,,,,0.535879946429167,0.6871399257083116,,False,False
logistic-classification-5d-c1-qbaselinev1-prepv1,classification,5,logistic,1.0,roc_auc,,,,,0.5358682693966753,0.6871536191078617,,False,False
logistic-classification-5d-c10-qbaselinev1-prepv1,classification,5,logistic,10.0,roc_auc,,,,,0.5358822611404818,0.6871509521548536,,False,False
logistic-classification-5d-c100-qbaselinev1-prepv1,classification,5,logistic,100.0,roc_auc,,,,,0.5358838065308347,0.6871506927843951,,False,False
train_prior-classification-5d-qbaselinev1-prepv1,classification,5,train_prior,,roc_auc,,,,,0.5,0.6842100500963297,,False,False
logistic-classification-10d-c0p01-qbaselinev1-prepv1,classification,10,logistic,0.01,roc_auc,,,,,0.5501417144943388,0.6784274953804016,,True,False
logistic-classification-10d-c0p1-qbaselinev1-prepv1,classification,10,logistic,0.1,roc_auc,,,,,0.5498098320746287,0.6786862655251227,,False,False
logistic-classification-10d-c1-qbaselinev1-prepv1,classification,10,logistic,1.0,roc_auc,,,,,0.549685136385635,0.6787511312497312,,False,False
logistic-classification-10d-c10-qbaselinev1-prepv1,classification,10,logistic,10.0,roc_auc,,,,,0.549751986763639,0.6787180696480587,,False,False
logistic-classification-10d-c100-qbaselinev1-prepv1,classification,10,logistic,100.0,roc_auc,,,,,0.5496550143400583,0.6787257468496276,,False,False
train_prior-classification-10d-qbaselinev1-prepv1,classification,10,train_prior,,roc_auc,,,,,0.5,0.6776928817389443,,False,False
logistic-classification-20d-c0p01-qbaselinev1-prepv1,classification,20,logistic,0.01,roc_auc,,,,,0.5635371506670812,0.6660932444336892,,True,False
logistic-classification-20d-c0p1-qbaselinev1-prepv1,classification,20,logistic,0.1,roc_auc,,,,,0.5633950755370145,0.6662823889003564,,False,False
logistic-classification-20d-c1-qbaselinev1-prepv1,classification,20,logistic,1.0,roc_auc,,,,,0.5634960617721578,0.666270455399534,,False,False
logistic-classification-20d-c10-qbaselinev1-prepv1,classification,20,logistic,10.0,roc_auc,,,,,0.563464315533777,0.6662672722736886,,False,False
logistic-classification-20d-c100-qbaselinev1-prepv1,classification,20,logistic,100.0,roc_auc,,,,,0.5635229839821235,0.6662233169787583,,False,False
train_prior-classification-20d-qbaselinev1-prepv1,classification,20,train_prior,,roc_auc,,,,,0.5,0.6676658471498591,,False,False
direct_rank_ols-ranking-5d-qbaselinev1-prepv1,ranking,5,direct_rank_ols,,mean_daily_cross_sectional_spearman_rank_ic,0.018201295719505475,0.0847236629222851,0.5172872340425532,,,,0.003120917925704618,False,False
momentum20-ranking-5d-qbaselinev1-prepv1,ranking,5,momentum20,,mean_daily_cross_sectional_spearman_rank_ic,-0.003527234437672338,-0.015030392936853888,0.5066489361702128,,,,0.0008094274521498826,False,False
predicted_return_ols-ranking-5d-qbaselinev1-prepv1,ranking,5,predicted_return_ols,,mean_daily_cross_sectional_spearman_rank_ic,0.014102680475549429,0.06265522827656132,0.511968085106383,,,,0.0027182468883566622,False,False
predicted_return_ridge-ranking-5d-a100-qbaselinev1-prepv1,ranking,5,predicted_return_ridge,100.0,mean_daily_cross_sectional_spearman_rank_ic,0.015322521958979794,0.06772880238261317,0.5013297872340425,,,,0.0030940549742652455,False,False
ridge-ranking-5d-a0p01-qbaselinev1-prepv1,ranking,5,ridge,0.01,mean_daily_cross_sectional_spearman_rank_ic,0.018202097999312307,0.0847284231787422,0.5172872340425532,,,,0.0031287073565750625,False,False
ridge-ranking-5d-a0p1-qbaselinev1-prepv1,ranking,5,ridge,0.1,mean_daily_cross_sectional_spearman_rank_ic,0.018214095404457297,0.08478454388228092,0.5159574468085106,,,,0.003137609706240542,False,False
ridge-ranking-5d-a1-qbaselinev1-prepv1,ranking,5,ridge,1.0,mean_daily_cross_sectional_spearman_rank_ic,0.01824912306983349,0.08493001302827298,0.5146276595744681,,,,0.0031552589114253846,False,False
ridge-ranking-5d-a10-qbaselinev1-prepv1,ranking,5,ridge,10.0,mean_daily_cross_sectional_spearman_rank_ic,0.01864581832588909,0.08662861764001663,0.5132978723404256,,,,0.0032247879405436796,False,False
ridge-ranking-5d-a100-qbaselinev1-prepv1,ranking,5,ridge,100.0,mean_daily_cross_sectional_spearman_rank_ic,0.019930407314724008,0.0922068879804394,0.5132978723404256,,,,0.0034277268195032546,True,False
direct_rank_ols-ranking-10d-qbaselinev1-prepv1,ranking,10,direct_rank_ols,,mean_daily_cross_sectional_spearman_rank_ic,0.012967418227664049,0.06859113247970038,0.4939759036144578,,,,0.00516209168225345,False,False
momentum20-ranking-10d-qbaselinev1-prepv1,ranking,10,momentum20,,mean_daily_cross_sectional_spearman_rank_ic,-0.01562661418948596,-0.07230678938873429,0.5060240963855421,,,,0.0005010299375062937,False,False
predicted_return_ols-ranking-10d-qbaselinev1-prepv1,ranking,10,predicted_return_ols,,mean_daily_cross_sectional_spearman_rank_ic,0.012359350136403656,0.06038034840811159,0.5127175368139224,,,,0.005553703476107729,False,False
predicted_return_ridge-ranking-10d-a100-qbaselinev1-prepv1,ranking,10,predicted_return_ridge,100.0,mean_daily_cross_sectional_spearman_rank_ic,0.013456187710677076,0.0648154941116442,0.5140562248995983,,,,0.005773652132376962,False,False
ridge-ranking-10d-a0p01-qbaselinev1-prepv1,ranking,10,ridge,0.01,mean_daily_cross_sectional_spearman_rank_ic,0.012966682672767647,0.06858877502012245,0.4939759036144578,,,,0.00516209168225345,False,False
ridge-ranking-10d-a0p1-qbaselinev1-prepv1,ranking,10,ridge,0.1,mean_daily_cross_sectional_spearman_rank_ic,0.012980967650606643,0.06866431069791394,0.4939759036144578,,,,0.00516300633182361,False,False
ridge-ranking-10d-a1-qbaselinev1-prepv1,ranking,10,ridge,1.0,mean_daily_cross_sectional_spearman_rank_ic,0.013020682378737675,0.06890687182733847,0.49531459170013387,,,,0.005167872954507707,False,False
ridge-ranking-10d-a10-qbaselinev1-prepv1,ranking,10,ridge,10.0,mean_daily_cross_sectional_spearman_rank_ic,0.013274422330963924,0.07034869768086212,0.4979919678714859,,,,0.005152791068603784,False,False
ridge-ranking-10d-a100-qbaselinev1-prepv1,ranking,10,ridge,100.0,mean_daily_cross_sectional_spearman_rank_ic,0.013821861989484862,0.07320715433458089,0.5033467202141901,,,,0.005377659503902321,True,False
direct_rank_ols-ranking-20d-qbaselinev1-prepv1,ranking,20,direct_rank_ols,,mean_daily_cross_sectional_spearman_rank_ic,0.024540631080685833,0.1388305424148845,0.5522388059701493,,,,0.010413976042417294,False,False
momentum20-ranking-20d-qbaselinev1-prepv1,ranking,20,momentum20,,mean_daily_cross_sectional_spearman_rank_ic,-0.030935750995057267,-0.1390513114741628,0.48575305291723203,,,,0.0014303824220365407,False,False
predicted_return_ols-ranking-20d-qbaselinev1-prepv1,ranking,20,predicted_return_ols,,mean_daily_cross_sectional_spearman_rank_ic,0.028186466204758197,0.14129716581477478,0.5359565807327001,,,,0.010279259394531491,False,False
predicted_return_ridge-ranking-20d-a100-qbaselinev1-prepv1,ranking,20,predicted_return_ridge,100.0,mean_daily_cross_sectional_spearman_rank_ic,0.028280990158061074,0.14176585087139168,0.5345997286295794,,,,0.01035987619508361,True,False
ridge-ranking-20d-a0p01-qbaselinev1-prepv1,ranking,20,ridge,0.01,mean_daily_cross_sectional_spearman_rank_ic,0.0245367279974129,0.13880909590453072,0.5522388059701493,,,,0.010413976042417294,False,False
ridge-ranking-20d-a0p1-qbaselinev1-prepv1,ranking,20,ridge,0.1,mean_daily_cross_sectional_spearman_rank_ic,0.024538964410283203,0.13882741101870233,0.5508819538670285,,,,0.010413976042417294,False,False
ridge-ranking-20d-a1-qbaselinev1-prepv1,ranking,20,ridge,1.0,mean_daily_cross_sectional_spearman_rank_ic,0.0245330405853577,0.13880784305235971,0.5522388059701493,,,,0.010413976042417294,False,False
ridge-ranking-20d-a10-qbaselinev1-prepv1,ranking,20,ridge,10.0,mean_daily_cross_sectional_spearman_rank_ic,0.024607665914702072,0.13922167400195246,0.5522388059701493,,,,0.010536229165477145,False,False
ridge-ranking-20d-a100-qbaselinev1-prepv1,ranking,20,ridge,100.0,mean_daily_cross_sectional_spearman_rank_ic,0.02470893106565109,0.1396951004358045,0.5495251017639078,,,,0.010629823777210428,False,False
ols-regression-5d-qbaselinev1-prepv1,regression,5,ols,,mean_daily_cross_sectional_spearman_ic,0.014102680475549429,0.06265522827656132,0.511968085106383,0.04551000292500349,,,0.0027182468883566622,False,False
ridge-regression-5d-a0p01-qbaselinev1-prepv1,regression,5,ridge,0.01,mean_daily_cross_sectional_spearman_ic,0.014105581186347006,0.06266850197352536,0.511968085106383,0.04551000315375099,,,0.0027182468883566622,False,False
ridge-regression-5d-a0p1-qbaselinev1-prepv1,regression,5,ridge,0.1,mean_daily_cross_sectional_spearman_ic,0.014112815908870598,0.06269666589152309,0.5106382978723404,0.045510005273969034,,,0.0027268193222398794,False,False
ridge-regression-5d-a1-qbaselinev1-prepv1,regression,5,ridge,1.0,mean_daily_cross_sectional_spearman_ic,0.014129752886165593,0.0627492738959328,0.511968085106383,0.045510032246608045,,,0.002759484714006187,False,False
ridge-regression-5d-a10-qbaselinev1-prepv1,regression,5,ridge,10.0,mean_daily_cross_sectional_spearman_ic,0.014492362702594097,0.0642205849054109,0.5066489361702128,0.045510654069413396,,,0.002739740351592357,False,False
ridge-regression-5d-a100-qbaselinev1-prepv1,regression,5,ridge,100.0,mean_daily_cross_sectional_spearman_ic,0.015322521958979794,0.06772880238261317,0.5013297872340425,0.04551610767326871,,,0.0030940549742652455,True,False
train_mean-regression-5d-qbaselinev1-prepv1,regression,5,train_mean,,mean_daily_cross_sectional_spearman_ic,,,,0.0457786732798952,,,,False,False
zero-regression-5d-qbaselinev1-prepv1,regression,5,zero,,mean_daily_cross_sectional_spearman_ic,,,,0.04601182723680699,,,,False,False
ols-regression-10d-qbaselinev1-prepv1,regression,10,ols,,mean_daily_cross_sectional_spearman_ic,0.012359350136403656,0.06038034840811159,0.5127175368139224,0.06270140630864143,,,0.005553703476107729,False,False
ridge-regression-10d-a0p01-qbaselinev1-prepv1,regression,10,ridge,0.01,mean_daily_cross_sectional_spearman_ic,0.012359822308669744,0.060382183830271115,0.5127175368139224,0.06270139399365164,,,0.005553703476107729,False,False
ridge-regression-10d-a0p1-qbaselinev1-prepv1,regression,10,ridge,0.1,mean_daily_cross_sectional_spearman_ic,0.012367283951897783,0.06041554111667942,0.5140562248995983,0.06270128348675011,,,0.005553703476107729,False,False
ridge-regression-10d-a1-qbaselinev1-prepv1,regression,10,ridge,1.0,mean_daily_cross_sectional_spearman_ic,0.012413338040162899,0.06061331747985975,0.5140562248995983,0.06270020993542837,,,0.005562140543694459,False,False
ridge-regression-10d-a10-qbaselinev1-prepv1,regression,10,ridge,10.0,mean_daily_cross_sectional_spearman_ic,0.012633017698392122,0.0614975385193062,0.5207496653279786,0.06269189062908626,,,0.005527500678514993,False,False
ridge-regression-10d-a100-qbaselinev1-prepv1,regression,10,ridge,100.0,mean_daily_cross_sectional_spearman_ic,0.013456187710677076,0.0648154941116442,0.5140562248995983,0.06266761389769007,,,0.005773652132376962,True,False
train_mean-regression-10d-qbaselinev1-prepv1,regression,10,train_mean,,mean_daily_cross_sectional_spearman_ic,,,,0.06336569329188071,,,,False,False
zero-regression-10d-qbaselinev1-prepv1,regression,10,zero,,mean_daily_cross_sectional_spearman_ic,,,,0.06400483036406564,,,,False,False
ols-regression-20d-qbaselinev1-prepv1,regression,20,ols,,mean_daily_cross_sectional_spearman_ic,0.028186466204758197,0.14129716581477478,0.5359565807327001,0.08824434372510798,,,0.010279259394531491,False,False
ridge-regression-20d-a0p01-qbaselinev1-prepv1,regression,20,ridge,0.01,mean_daily_cross_sectional_spearman_ic,0.028184846792131582,0.14129032185802118,0.5359565807327001,0.08824433866791723,,,0.010279259394531491,False,False
ridge-regression-20d-a0p1-qbaselinev1-prepv1,regression,20,ridge,0.1,mean_daily_cross_sectional_spearman_ic,0.02818739580045243,0.14130155572315592,0.5359565807327001,0.08824429326699752,,,0.010279259394531491,False,False
ridge-regression-20d-a1-qbaselinev1-prepv1,regression,20,ridge,1.0,mean_daily_cross_sectional_spearman_ic,0.028154937644122673,0.14114853040166184,0.5345997286295794,0.08824385023011842,,,0.010231046187257946,False,False
ridge-regression-20d-a10-qbaselinev1-prepv1,regression,20,ridge,10.0,mean_daily_cross_sectional_spearman_ic,0.02818523323188167,0.14131660931297846,0.5359565807327001,0.0882402857188571,,,0.010381402249923798,False,False
ridge-regression-20d-a100-qbaselinev1-prepv1,regression,20,ridge,100.0,mean_daily_cross_sectional_spearman_ic,0.028280990158061074,0.14176585087139168,0.5345997286295794,0.08822831088744963,,,0.01035987619508361,True,False
train_mean-regression-20d-qbaselinev1-prepv1,regression,20,train_mean,,mean_daily_cross_sectional_spearman_ic,,,,0.09048489472514512,,,,False,False
zero-regression-20d-qbaselinev1-prepv1,regression,20,zero,,mean_daily_cross_sectional_spearman_ic,,,,0.09227315254882555,,,,False,False
