ablation_policy,removed_family,requested_feature_count,mean_effective_feature_count,fits,mean_ic,median_ic,icir,pct_positive_ic,worst_year_ic,best_year_ic,year_ic_std,positive_years,negative_years,top10_uplift,pct_dates_positive_uplift,delta_mean_ic_vs_full,delta_icir_vs_full,delta_pct_positive_ic_vs_full,delta_worst_year_ic_vs_full,delta_year_ic_std_vs_full,delta_top10_uplift_vs_full,classification,strong_contributor,harmful_candidate,total_fit_seconds,mean_fit_seconds,median_fit_seconds,test_used
without_volatility,volatility,46,46.0,6,0.04800325476589051,0.03414270211611503,0.226099981128266,0.5633802816901409,0.021906670658796434,0.10961555792238128,0.03403485402341124,6,0,0.013226804971093499,0.6264252179745138,-0.01582186545000748,-0.06197102995460871,-0.026156941649899346,-0.007858973685702365,-0.0037192706203426767,-0.001805145472998971,important,True,False,85.9054471999998,14.3175745333333,14.244374599999901,False
without_liquidity_volume,liquidity_volume,47,47.0,6,0.059157239059214876,0.04975881261595547,0.2660613155681916,0.5841716968477532,0.029157617278689086,0.12280903623139565,0.036521287878154285,6,0,0.014410511707921831,0.6586183769282361,-0.004667881156683117,-0.02200969551468307,-0.005365526492287054,-0.0006080270658097124,-0.0012328367655996333,-0.0006214387361706385,moderately_useful,False,False,83.18798010000046,13.864663350000077,13.39582160000009,False
without_market,market,47,47.0,6,0.062058966991900874,0.051585840521775714,0.2716474802479678,0.5814889336016097,0.03562935150096261,0.11108499810675886,0.03367681532937863,6,0,0.01533098161294601,0.6592890677397719,-0.001766153223997119,-0.016423530834906885,-0.008048289738430525,0.00586370715646381,-0.004077309314375291,0.0002990311688535405,neutral_or_redundant,False,False,86.25061679999999,14.375102799999999,13.894296949999898,False
without_returns,returns,43,43.0,6,0.062435274638272455,0.05244524452445244,0.28435626103916267,0.5989268947015426,0.031502408654421304,0.1258081120492102,0.03648265884743616,6,0,0.014980412234578556,0.6613011401743796,-0.0013898455776255383,-0.003714750043712023,0.009389671361502372,0.001736764309922506,-0.0012714657963177611,-5.153820951391344e-05,neutral_or_redundant,False,False,81.48397510000086,13.580662516666811,13.586433399999805,False
full,,52,52.0,6,0.06382512021589799,0.0596581660336408,0.2880710110828747,0.5895372233400402,0.0297656443444988,0.1318479348656976,0.03775412464375392,6,0,0.01503195044409247,0.6639839034205232,0.0,0.0,0.0,0.0,0.0,0.0,reference,False,False,93.04351660000066,15.507252766666776,15.339947050000319,False
without_relative_risk,relative_risk,48,48.0,6,0.0639277344738389,0.052653061224489796,0.28712865026406503,0.5895372233400402,0.029732895078475017,0.1278050528869711,0.03823949690907077,6,0,0.014715668526402345,0.6485580147551978,0.00010261425794090562,-0.0009423608188096622,0.0,-3.274926602378145e-05,0.0004853722653168496,-0.00031628191769012513,neutral_or_redundant,False,False,84.61668640000062,14.10278106666677,14.09246209999992,False
without_momentum,momentum,47,47.0,6,0.06514067679939724,0.05582958295829583,0.2901877799813679,0.5922199865861838,0.027568246249289392,0.12752864452583312,0.0371372853888238,6,0,0.014828169188578655,0.6579476861167002,0.0013155565834992444,0.0021167688984932154,0.0026827632461435824,-0.002197398095209406,-0.0006168392549301197,-0.00020378125551381507,neutral_or_redundant,False,False,82.89266889999908,13.815444816666513,13.407681499999853,False
without_drawdown,drawdown,50,50.0,6,0.06520924607804411,0.05619913185024416,0.2975242793336798,0.6042924211938296,0.03551598435435754,0.12899683030203674,0.03700984399515291,6,0,0.01471662112124718,0.6592890677397719,0.0013841258621461183,0.009453268250805114,0.014755197853789426,0.0057503400098587384,-0.0007442806486010062,-0.00031532932284529004,neutral_or_redundant,False,False,96.70127099999809,16.116878499999682,16.11800379999977,False
without_relative_momentum,relative_momentum,49,49.0,6,0.06580371558275802,0.05636190992946283,0.2936809749088423,0.5949027498323273,0.031492690411815204,0.13405913302264402,0.03808137904274079,6,0,0.014828185787295006,0.6586183769282361,0.001978595366860028,0.005609963825967623,0.005365526492287054,0.0017270460673164054,0.00032725439898687037,-0.00020376465679746401,neutral_or_redundant,False,False,96.38578720000078,16.064297866666795,15.269395800000439,False
without_trend,trend,44,44.0,6,0.06586660150214005,0.06356483993488876,0.2900303578487867,0.5969148222669349,0.030325636369944994,0.1425989607916511,0.04341971588408726,6,0,0.015714412537430344,0.664654594232059,0.0020414812862420556,0.001959346765912029,0.007377598926894713,0.000559992025446196,0.005665591240333341,0.0006824620933378739,neutral_or_redundant,False,False,84.75366880000001,14.125611466666669,14.012511500000528,False
without_historical_position,historical_position,47,47.0,6,0.06734313308027452,0.06108247422680412,0.30180701689984063,0.6002682763246143,0.038627097401680535,0.13171969182425777,0.03643626486909226,6,0,0.014810343877109066,0.6633132126089872,0.0035180128643765296,0.013736005816965935,0.010731052984574108,0.008861453057181737,-0.0013178597746616588,-0.00022160656698340386,small_positive_change,False,False,82.80503150000004,13.80083858333334,13.785831799999869,False
