experiment_id,task,approach,horizon,model_family,profile,is_fit,primary_metric,mean_ic,icir,pct_positive_ic,rmse,roc_auc,log_loss,balanced_accuracy,top10_uplift,worst_year_ic,worst_year_auc,year_metric_std,selected_within_family,selected_within_horizon,test_used
rf-small-regression-5d-qbaselinev1-treeprepv1,regression,model,5,rf,small,True,0.021948432996240615,0.021948432996240615,0.09184436465484662,0.5438829787234043,0.046109460025229775,,,,0.00275441566842463,-0.0014514129568961895,,0.020207038520458617,False,False,False
rf-medium-regression-5d-qbaselinev1-treeprepv1,regression,model,5,rf,medium,True,0.028308606958744154,0.028308606958744154,0.12155664636880316,0.5412234042553191,0.04626592616481776,,,,0.0032386063971316663,0.0037650937369468726,,0.023880728817699648,True,True,False
rf-wide-regression-5d-qbaselinev1-treeprepv1,regression,model,5,rf,wide,True,0.01336143174836264,0.01336143174836264,0.061566325021686526,0.535904255319149,0.046733460069867436,,,,0.0018784662547420953,0.0031746112324610586,,0.014425434344591117,False,False,False
xgb-small-regression-5d-qbaselinev1-treeprepv1,regression,model,5,xgb,small,True,0.012848559225350395,0.012848559225350395,0.05802493913869762,0.5186170212765957,0.04626785309819277,,,,0.002533715306684369,0.0058013024539788766,,0.009194330336778243,False,False,False
xgb-reg-regression-5d-qbaselinev1-treeprepv1,regression,model,5,xgb,reg,True,0.01521241644087546,0.01521241644087546,0.07032985356052833,0.5186170212765957,0.046304281613973826,,,,0.0031453377566351233,0.0008648087033383135,,0.014719756031769197,False,False,False
xgb-medium-regression-5d-qbaselinev1-treeprepv1,regression,model,5,xgb,medium,True,0.017539129816082938,0.017539129816082938,0.08395691570666124,0.526595744680851,0.04668441185323505,,,,0.0020931659599589016,0.005823149965605327,,0.018360319670132467,True,False,False
lgbm-small-regression-5d-qbaselinev1-treeprepv1,regression,model,5,lgbm,small,True,0.012619824449915234,0.012619824449915234,0.059179376133070755,0.5252659574468085,0.04628346565643048,,,,0.0018785894376711384,0.0006354300876305053,,0.01240899317409962,False,False,False
lgbm-reg-regression-5d-qbaselinev1-treeprepv1,regression,model,5,lgbm,reg,True,0.017857485819425867,0.017857485819425867,0.08459277537363608,0.5146276595744681,0.04634969239389968,,,,0.002270334358206915,-7.149259147832564e-05,,0.02042765249981047,False,False,False
lgbm-medium-regression-5d-qbaselinev1-treeprepv1,regression,model,5,lgbm,medium,True,0.017509272029880105,0.017509272029880105,0.08813202067430218,0.5319148936170213,0.04691106384277443,,,,0.0019350781281075847,0.006450820582784757,,0.012396905957573586,True,False,False
rf-small-classification-5d-qbaselinev1-treeprepv1,classification,model,5,rf,small,True,0.5176166799521998,,,,,0.5176166799521998,0.6870858454180829,0.5025414038081523,,,0.5133248537232028,0.0029491689469784356,False,False,False
rf-medium-classification-5d-qbaselinev1-treeprepv1,classification,model,5,rf,medium,True,0.5195149246879394,,,,,0.5195149246879394,0.6900187834866727,0.506585740974896,,,0.5120805297603255,0.006867502372721646,True,True,False
rf-wide-classification-5d-qbaselinev1-treeprepv1,classification,model,5,rf,wide,True,0.5058152521599791,,,,,0.5058152521599791,0.6998411745642046,0.4977229055561117,,,0.49947747895625416,0.006175453600927219,False,False,False
xgb-small-classification-5d-qbaselinev1-treeprepv1,classification,model,5,xgb,small,True,0.5147287360417265,,,,,0.5147287360417265,0.6914132930061803,0.49503325149912797,,,0.5116007970504765,0.0017729017236695936,True,False,False
xgb-reg-classification-5d-qbaselinev1-treeprepv1,classification,model,5,xgb,reg,True,0.5129257393896149,,,,,0.5129257393896149,0.6918956606235591,0.4975070319197641,,,0.5075968160249837,0.006018104655362984,False,False,False
xgb-medium-classification-5d-qbaselinev1-treeprepv1,classification,model,5,xgb,medium,True,0.5110738346195227,,,,,0.5110738346195227,0.6978370091270334,0.5017284088853632,,,0.5029371746427036,0.009882690864641224,False,False,False
lgbm-small-classification-5d-qbaselinev1-treeprepv1,classification,model,5,lgbm,small,True,0.5162952939684494,,,,,0.5162952939684494,0.6913943985838564,0.5028293004331299,,,0.5069524407997698,0.01184690001954212,True,False,False
lgbm-reg-classification-5d-qbaselinev1-treeprepv1,classification,model,5,lgbm,reg,True,0.5141678088321091,,,,,0.5141678088321091,0.6920282894122398,0.5026139141833564,,,0.5037998363321369,0.013468508487261614,False,False,False
lgbm-medium-classification-5d-qbaselinev1-treeprepv1,classification,model,5,lgbm,medium,True,0.5046515128632976,,,,,0.5046515128632976,0.7019222990952266,0.4973100523863335,,,0.49842714234150154,0.006023093628393108,False,False,False
rf-small-predicted-return-ranking-5d-qbaselinev1-treeprepv1,ranking,predicted-return,5,rf,small,False,0.021948432996240615,0.021948432996240615,0.09184436465484662,0.5438829787234043,,,,,0.00275441566842463,-0.0014514129568961895,,0.020207038520458617,False,False,False
rf-medium-predicted-return-ranking-5d-qbaselinev1-treeprepv1,ranking,predicted-return,5,rf,medium,False,0.028308606958744154,0.028308606958744154,0.12155664636880316,0.5412234042553191,,,,,0.0032386063971316663,0.0037650937369468726,,0.023880728817699648,False,False,False
rf-wide-predicted-return-ranking-5d-qbaselinev1-treeprepv1,ranking,predicted-return,5,rf,wide,False,0.01336143174836264,0.01336143174836264,0.061566325021686526,0.535904255319149,,,,,0.0018784662547420953,0.0031746112324610586,,0.014425434344591117,False,False,False
xgb-small-predicted-return-ranking-5d-qbaselinev1-treeprepv1,ranking,predicted-return,5,xgb,small,False,0.012848559225350395,0.012848559225350395,0.05802493913869762,0.5186170212765957,,,,,0.002533715306684369,0.0058013024539788766,,0.009194330336778243,False,False,False
xgb-reg-predicted-return-ranking-5d-qbaselinev1-treeprepv1,ranking,predicted-return,5,xgb,reg,False,0.01521241644087546,0.01521241644087546,0.07032985356052833,0.5186170212765957,,,,,0.0031453377566351233,0.0008648087033383135,,0.014719756031769197,False,False,False
xgb-medium-predicted-return-ranking-5d-qbaselinev1-treeprepv1,ranking,predicted-return,5,xgb,medium,False,0.017539129816082938,0.017539129816082938,0.08395691570666124,0.526595744680851,,,,,0.0020931659599589016,0.005823149965605327,,0.018360319670132467,False,False,False
lgbm-small-predicted-return-ranking-5d-qbaselinev1-treeprepv1,ranking,predicted-return,5,lgbm,small,False,0.012619824449915234,0.012619824449915234,0.059179376133070755,0.5252659574468085,,,,,0.0018785894376711384,0.0006354300876305053,,0.01240899317409962,False,False,False
lgbm-reg-predicted-return-ranking-5d-qbaselinev1-treeprepv1,ranking,predicted-return,5,lgbm,reg,False,0.017857485819425867,0.017857485819425867,0.08459277537363608,0.5146276595744681,,,,,0.002270334358206915,-7.149259147832564e-05,,0.02042765249981047,False,False,False
lgbm-medium-predicted-return-ranking-5d-qbaselinev1-treeprepv1,ranking,predicted-return,5,lgbm,medium,False,0.017509272029880105,0.017509272029880105,0.08813202067430218,0.5319148936170213,,,,,0.0019350781281075847,0.006450820582784757,,0.012396905957573586,False,False,False
rf-small-direct-ranking-5d-qbaselinev1-treeprepv1,ranking,direct,5,rf,small,True,0.031046860716052928,0.031046860716052928,0.1262698347481852,0.5718085106382979,,,,,0.003313219199643069,0.00351937565046236,,0.029559409566727424,False,False,False
rf-medium-direct-ranking-5d-qbaselinev1-treeprepv1,ranking,direct,5,rf,medium,True,0.04328212562495164,0.04328212562495164,0.18487262923142792,0.5691489361702128,,,,,0.0037963669525396403,0.013478924740033982,,0.03542050566580205,True,True,False
rf-wide-direct-ranking-5d-qbaselinev1-treeprepv1,ranking,direct,5,rf,wide,True,0.040150609466789965,0.040150609466789965,0.21075486224338927,0.5691489361702128,,,,,0.0017163914337345297,0.021171504320720326,,0.021208889730302515,False,False,False
xgb-small-direct-ranking-5d-qbaselinev1-treeprepv1,ranking,direct,5,xgb,small,True,0.04276751841748169,0.04276751841748169,0.20067454812501845,0.5571808510638298,,,,,0.004031011954978561,0.011937434307025667,,0.040124760809542116,False,False,False
xgb-reg-direct-ranking-5d-qbaselinev1-treeprepv1,ranking,direct,5,xgb,reg,True,0.04180742935272997,0.04180742935272997,0.20546166716017572,0.5664893617021277,,,,,0.0033499180540396334,0.01415899614533962,,0.03674933166782392,True,False,False
xgb-medium-direct-ranking-5d-qbaselinev1-treeprepv1,ranking,direct,5,xgb,medium,True,0.03974779682577899,0.03974779682577899,0.20381143268188315,0.5492021276595744,,,,,0.003738949493295708,0.02207120801524152,,0.02901238045516852,False,False,False
lgbm-small-direct-ranking-5d-qbaselinev1-treeprepv1,ranking,direct,5,lgbm,small,True,0.04224898254194343,0.04224898254194343,0.21180217792866854,0.5611702127659575,,,,,0.003144543369551252,0.021580144119724795,,0.03386357616406785,True,False,False
lgbm-reg-direct-ranking-5d-qbaselinev1-treeprepv1,ranking,direct,5,lgbm,reg,True,0.036932347883218315,0.036932347883218315,0.1903161940213084,0.5571808510638298,,,,,0.002646847515783329,0.01964357847791283,,0.028872584806646923,False,False,False
lgbm-medium-direct-ranking-5d-qbaselinev1-treeprepv1,ranking,direct,5,lgbm,medium,True,0.03656623247513402,0.03656623247513402,0.20237487122492223,0.5558510638297872,,,,,0.0029805441259703426,0.01883650276328609,,0.027336134384263692,False,False,False
rf-small-regression-10d-qbaselinev1-treeprepv1,regression,model,10,rf,small,True,0.04263448884139916,0.04263448884139916,0.17141698247924061,0.5635876840696118,0.06302589041612393,,,,0.0038305506009056966,0.015568188795150482,,0.02524380674174966,True,True,False
rf-medium-regression-10d-qbaselinev1-treeprepv1,regression,model,10,rf,medium,True,0.037793348768669334,0.037793348768669334,0.17041713894321292,0.5568942436412316,0.06295882798586552,,,,0.0051294465430132725,0.02503716998337936,,0.012443128148618579,False,False,False
rf-wide-regression-10d-qbaselinev1-treeprepv1,regression,model,10,rf,wide,True,0.026257846260850225,0.026257846260850225,0.14303017354780959,0.5582329317269076,0.06324951236519621,,,,0.004837255742696854,0.011196840842342577,,0.014109754582950149,False,False,False
xgb-small-regression-10d-qbaselinev1-treeprepv1,regression,model,10,xgb,small,True,0.02275368170888543,0.02275368170888543,0.11892629025309853,0.5502008032128514,0.06298401898153695,,,,0.00382842149140741,0.019491794424508373,,0.0028150856100339254,False,False,False
xgb-reg-regression-10d-qbaselinev1-treeprepv1,regression,model,10,xgb,reg,True,0.03101719686571924,0.03101719686571924,0.1624225014876565,0.5649263721552878,0.06289605548841613,,,,0.004536921154880966,0.02831251934693022,,0.0024324178777759414,True,False,False
xgb-medium-regression-10d-qbaselinev1-treeprepv1,regression,model,10,xgb,medium,True,0.0277436403244257,0.0277436403244257,0.15237184684020086,0.5528781793842035,0.06345194947237412,,,,0.004833280218171628,0.016224688191989425,,0.011701185439984867,False,False,False
lgbm-small-regression-10d-qbaselinev1-treeprepv1,regression,model,10,lgbm,small,True,0.027763953809535967,0.027763953809535967,0.1460752277443115,0.5394912985274432,0.06309515843842474,,,,0.004660643031857323,0.0172708359292453,,0.013659306965808358,False,False,False
lgbm-reg-regression-10d-qbaselinev1-treeprepv1,regression,model,10,lgbm,reg,True,0.027186523837543247,0.027186523837543247,0.14869826905775566,0.5595716198125836,0.06314578282796708,,,,0.004106168644574417,0.0151647823506058,,0.010709097320648899,False,False,False
lgbm-medium-regression-10d-qbaselinev1-treeprepv1,regression,model,10,lgbm,medium,True,0.032383012368978344,0.032383012368978344,0.18562157131713394,0.5676037483266398,0.06354752109797099,,,,0.004785394444969429,0.027268302271823534,,0.00816343172337287,True,False,False
rf-small-classification-10d-qbaselinev1-treeprepv1,classification,model,10,rf,small,True,0.5419063227059131,,,,,0.5419063227059131,0.6763487855325188,0.5,,,0.5306283330748804,0.007048526619486255,True,True,False
rf-medium-classification-10d-qbaselinev1-treeprepv1,classification,model,10,rf,medium,True,0.5371234327312373,,,,,0.5371234327312373,0.6762683659065477,0.5021277222476668,,,0.530687225037469,0.00512965642863928,False,False,False
rf-wide-classification-10d-qbaselinev1-treeprepv1,classification,model,10,rf,wide,True,0.5304065945104595,,,,,0.5304065945104595,0.6802623414590975,0.5064780307853661,,,0.5001286297045706,0.02349255117412406,False,False,False
xgb-small-classification-10d-qbaselinev1-treeprepv1,classification,model,10,xgb,small,True,0.5401274636961879,,,,,0.5401274636961879,0.674730826869182,0.5089889921019546,,,0.5082116843485092,0.02514959292461361,True,False,False
xgb-reg-classification-10d-qbaselinev1-treeprepv1,classification,model,10,xgb,reg,True,0.5378040353105222,,,,,0.5378040353105222,0.6758337282428181,0.5075471084847442,,,0.5065746785982264,0.024262752083908424,False,False,False
xgb-medium-classification-10d-qbaselinev1-treeprepv1,classification,model,10,xgb,medium,True,0.537577105307826,,,,,0.537577105307826,0.6779877627406456,0.5100740321021344,,,0.500537578843842,0.029718539258864203,False,False,False
lgbm-small-classification-10d-qbaselinev1-treeprepv1,classification,model,10,lgbm,small,True,0.5329232423243981,,,,,0.5329232423243981,0.6768890140705583,0.5045720780777952,,,0.5025110959479865,0.02617951708898354,False,False,False
lgbm-reg-classification-10d-qbaselinev1-treeprepv1,classification,model,10,lgbm,reg,True,0.5330408288311501,,,,,0.5330408288311501,0.6778485771761678,0.5051486542000622,,,0.5001673594513847,0.027351833626806557,False,False,False
lgbm-medium-classification-10d-qbaselinev1-treeprepv1,classification,model,10,lgbm,medium,True,0.5372451974348216,,,,,0.5372451974348216,0.6810833635459383,0.5083586836896705,,,0.5043282572588401,0.029990903208366792,True,False,False
rf-small-predicted-return-ranking-10d-qbaselinev1-treeprepv1,ranking,predicted-return,10,rf,small,False,0.04263448884139916,0.04263448884139916,0.17141698247924061,0.5635876840696118,,,,,0.0038305506009056966,0.015568188795150482,,0.02524380674174966,True,True,False
rf-medium-predicted-return-ranking-10d-qbaselinev1-treeprepv1,ranking,predicted-return,10,rf,medium,False,0.037793348768669334,0.037793348768669334,0.17041713894321292,0.5568942436412316,,,,,0.0051294465430132725,0.02503716998337936,,0.012443128148618579,False,False,False
rf-wide-predicted-return-ranking-10d-qbaselinev1-treeprepv1,ranking,predicted-return,10,rf,wide,False,0.026257846260850225,0.026257846260850225,0.14303017354780959,0.5582329317269076,,,,,0.004837255742696854,0.011196840842342577,,0.014109754582950149,False,False,False
xgb-small-predicted-return-ranking-10d-qbaselinev1-treeprepv1,ranking,predicted-return,10,xgb,small,False,0.02275368170888543,0.02275368170888543,0.11892629025309853,0.5502008032128514,,,,,0.00382842149140741,0.019491794424508373,,0.0028150856100339254,False,False,False
xgb-reg-predicted-return-ranking-10d-qbaselinev1-treeprepv1,ranking,predicted-return,10,xgb,reg,False,0.03101719686571924,0.03101719686571924,0.1624225014876565,0.5649263721552878,,,,,0.004536921154880966,0.02831251934693022,,0.0024324178777759414,False,False,False
xgb-medium-predicted-return-ranking-10d-qbaselinev1-treeprepv1,ranking,predicted-return,10,xgb,medium,False,0.0277436403244257,0.0277436403244257,0.15237184684020086,0.5528781793842035,,,,,0.004833280218171628,0.016224688191989425,,0.011701185439984867,False,False,False
lgbm-small-predicted-return-ranking-10d-qbaselinev1-treeprepv1,ranking,predicted-return,10,lgbm,small,False,0.027763953809535967,0.027763953809535967,0.1460752277443115,0.5394912985274432,,,,,0.004660643031857323,0.0172708359292453,,0.013659306965808358,False,False,False
lgbm-reg-predicted-return-ranking-10d-qbaselinev1-treeprepv1,ranking,predicted-return,10,lgbm,reg,False,0.027186523837543247,0.027186523837543247,0.14869826905775566,0.5595716198125836,,,,,0.004106168644574417,0.0151647823506058,,0.010709097320648899,False,False,False
lgbm-medium-predicted-return-ranking-10d-qbaselinev1-treeprepv1,ranking,predicted-return,10,lgbm,medium,False,0.032383012368978344,0.032383012368978344,0.18562157131713394,0.5676037483266398,,,,,0.004785394444969429,0.027268302271823534,,0.00816343172337287,False,False,False
rf-small-direct-ranking-10d-qbaselinev1-treeprepv1,ranking,direct,10,rf,small,True,0.04050723949916094,0.04050723949916094,0.18520807893353278,0.5823293172690763,,,,,0.006841634253685384,0.009558794626910365,,0.026580645956104956,False,False,False
rf-medium-direct-ranking-10d-qbaselinev1-treeprepv1,ranking,direct,10,rf,medium,True,0.041427329534123945,0.041427329534123945,0.20899680973681192,0.570281124497992,,,,,0.005410652289647128,0.02013895920571181,,0.019276462109461687,False,False,False
rf-wide-direct-ranking-10d-qbaselinev1-treeprepv1,ranking,direct,10,rf,wide,True,0.0337141138184559,0.0337141138184559,0.21572177219808367,0.5635876840696118,,,,,0.0047751486808220184,0.02559477719853693,,0.007080505110161534,False,False,False
xgb-small-direct-ranking-10d-qbaselinev1-treeprepv1,ranking,direct,10,xgb,small,True,0.03288702212019091,0.03288702212019091,0.18329074743946666,0.5662650602409639,,,,,0.003333777297385933,0.014346294930509252,,0.016054571860454187,False,False,False
xgb-reg-direct-ranking-10d-qbaselinev1-treeprepv1,ranking,direct,10,xgb,reg,True,0.03481518696054305,0.03481518696054305,0.1958344284204703,0.570281124497992,,,,,0.0034468978848828167,0.01355571831938275,,0.0196414536553958,True,False,False
xgb-medium-direct-ranking-10d-qbaselinev1-treeprepv1,ranking,direct,10,xgb,medium,True,0.03187814589354834,0.03187814589354834,0.19064346655382236,0.5662650602409639,,,,,0.00233760793281532,0.015147758329698831,,0.016928028893391178,False,False,False
lgbm-small-direct-ranking-10d-qbaselinev1-treeprepv1,ranking,direct,10,lgbm,small,True,0.03367534106316121,0.03367534106316121,0.19821998402551227,0.5783132530120482,,,,,0.0030974476444442663,0.019215364292483203,,0.016234012917383748,False,False,False
lgbm-reg-direct-ranking-10d-qbaselinev1-treeprepv1,ranking,direct,10,lgbm,reg,True,0.03956776926757771,0.03956776926757771,0.2475632549860593,0.6010709504685409,,,,,0.0038363276366273217,0.02385341704605652,,0.01936248781674386,True,False,False
lgbm-medium-direct-ranking-10d-qbaselinev1-treeprepv1,ranking,direct,10,lgbm,medium,True,0.02860142809470364,0.02860142809470364,0.18918291908837426,0.5475234270414994,,,,,0.004000003358923433,0.013136537483787495,,0.016221139478661974,False,False,False
rf-small-regression-20d-qbaselinev1-treeprepv1,regression,model,20,rf,small,True,0.06879908167744316,0.06879908167744316,0.30757825253447385,0.6227951153324288,0.08919124261917613,,,,0.015462252377264852,0.057280229841761544,,0.012454735960939317,True,True,False
rf-medium-regression-20d-qbaselinev1-treeprepv1,regression,model,20,rf,medium,True,0.05606072445687909,0.05606072445687909,0.2781947185705661,0.6037991858887382,0.08934535492978314,,,,0.011482441481052283,0.03971423515965381,,0.019345168431188393,False,False,False
rf-wide-regression-20d-qbaselinev1-treeprepv1,regression,model,20,rf,wide,True,0.030542054663573612,0.030542054663573612,0.18350492142257221,0.5793758480325645,0.09011449998506142,,,,0.007722092595221141,0.0071175062351728005,,0.03169620092879409,False,False,False
xgb-small-regression-20d-qbaselinev1-treeprepv1,regression,model,20,xgb,small,True,0.045199495477754814,0.045199495477754814,0.2532963953350572,0.5902306648575305,0.09061993136812964,,,,0.010805292328035253,0.0319832471151536,,0.012159639163468627,True,False,False
xgb-reg-regression-20d-qbaselinev1-treeprepv1,regression,model,20,xgb,reg,True,0.0406537546053389,0.0406537546053389,0.23353193830859992,0.5807327001356852,0.09046986782181918,,,,0.010397409930898343,0.025338634505508176,,0.013605437590643178,False,False,False
xgb-medium-regression-20d-qbaselinev1-treeprepv1,regression,model,20,xgb,medium,True,0.035154775404790624,0.035154775404790624,0.20654992686145138,0.5848032564450475,0.09148166712319906,,,,0.01130481290577437,0.016730479390903753,,0.0197542083155571,False,False,False
lgbm-small-regression-20d-qbaselinev1-treeprepv1,regression,model,20,lgbm,small,True,0.030566902319994337,0.030566902319994337,0.17647723759077577,0.5807327001356852,0.09097406310969244,,,,0.00849102917280105,0.01266827606446669,,0.01580424980212403,False,False,False
lgbm-reg-regression-20d-qbaselinev1-treeprepv1,regression,model,20,lgbm,reg,True,0.03378126104743536,0.03378126104743536,0.20548287693014422,0.5943012211668928,0.09106985873386882,,,,0.01082591802660725,0.013149350218994044,,0.018288387724444008,True,False,False
lgbm-medium-regression-20d-qbaselinev1-treeprepv1,regression,model,20,lgbm,medium,True,0.01933005657776257,0.01933005657776257,0.1206346357521723,0.5915875169606513,0.0927980266434322,,,,0.009072992265008692,-0.004558775018053402,,0.0234920832847782,False,False,False
rf-small-classification-20d-qbaselinev1-treeprepv1,classification,model,20,rf,small,True,0.5457219562145663,,,,,0.5457219562145663,0.6664030310517134,0.5,,,0.51162613600145,0.029712077404653706,False,False,False
rf-medium-classification-20d-qbaselinev1-treeprepv1,classification,model,20,rf,medium,True,0.5475349710973259,,,,,0.5475349710973259,0.6669793269477499,0.49800166465838974,,,0.5213976404280423,0.02264501408382111,True,False,False
rf-wide-classification-20d-qbaselinev1-treeprepv1,classification,model,20,rf,wide,True,0.5370131275908572,,,,,0.5370131275908572,0.6727101192489079,0.50876611872036,,,0.5240832987853262,0.013919475757943245,False,False,False
xgb-small-classification-20d-qbaselinev1-treeprepv1,classification,model,20,xgb,small,True,0.5485981667079962,,,,,0.5485981667079962,0.6687854082221655,0.5029843189549082,,,0.5333623540151011,0.018487742144841886,True,True,False
xgb-reg-classification-20d-qbaselinev1-treeprepv1,classification,model,20,xgb,reg,True,0.5487836601189993,,,,,0.5487836601189993,0.669583639874352,0.502445333216887,,,0.5318349956492994,0.0242769279771199,False,False,False
xgb-medium-classification-20d-qbaselinev1-treeprepv1,classification,model,20,xgb,medium,True,0.5392637997175518,,,,,0.5392637997175518,0.6772246122442543,0.5036354753022646,,,0.5247028772413609,0.02442872650923475,False,False,False
lgbm-small-classification-20d-qbaselinev1-treeprepv1,classification,model,20,lgbm,small,True,0.542681243921942,,,,,0.542681243921942,0.6754238193386247,0.501422489328032,,,0.5214306496078499,0.027906181754941303,True,False,False
lgbm-reg-classification-20d-qbaselinev1-treeprepv1,classification,model,20,lgbm,reg,True,0.542565683936471,,,,,0.542565683936471,0.6761599839401934,0.5030181876037756,,,0.5219184823227703,0.028226290004672795,False,False,False
lgbm-medium-classification-20d-qbaselinev1-treeprepv1,classification,model,20,lgbm,medium,True,0.5321554468183818,,,,,0.5321554468183818,0.686285727707177,0.5041793361037622,,,0.517012356213934,0.025044998070367162,False,False,False
rf-small-predicted-return-ranking-20d-qbaselinev1-treeprepv1,ranking,predicted-return,20,rf,small,False,0.06879908167744316,0.06879908167744316,0.30757825253447385,0.6227951153324288,,,,,0.015462252377264852,0.057280229841761544,,0.012454735960939317,True,True,False
rf-medium-predicted-return-ranking-20d-qbaselinev1-treeprepv1,ranking,predicted-return,20,rf,medium,False,0.05606072445687909,0.05606072445687909,0.2781947185705661,0.6037991858887382,,,,,0.011482441481052283,0.03971423515965381,,0.019345168431188393,False,False,False
rf-wide-predicted-return-ranking-20d-qbaselinev1-treeprepv1,ranking,predicted-return,20,rf,wide,False,0.030542054663573612,0.030542054663573612,0.18350492142257221,0.5793758480325645,,,,,0.007722092595221141,0.0071175062351728005,,0.03169620092879409,False,False,False
xgb-small-predicted-return-ranking-20d-qbaselinev1-treeprepv1,ranking,predicted-return,20,xgb,small,False,0.045199495477754814,0.045199495477754814,0.2532963953350572,0.5902306648575305,,,,,0.010805292328035253,0.0319832471151536,,0.012159639163468627,False,False,False
xgb-reg-predicted-return-ranking-20d-qbaselinev1-treeprepv1,ranking,predicted-return,20,xgb,reg,False,0.0406537546053389,0.0406537546053389,0.23353193830859992,0.5807327001356852,,,,,0.010397409930898343,0.025338634505508176,,0.013605437590643178,False,False,False
xgb-medium-predicted-return-ranking-20d-qbaselinev1-treeprepv1,ranking,predicted-return,20,xgb,medium,False,0.035154775404790624,0.035154775404790624,0.20654992686145138,0.5848032564450475,,,,,0.01130481290577437,0.016730479390903753,,0.0197542083155571,False,False,False
lgbm-small-predicted-return-ranking-20d-qbaselinev1-treeprepv1,ranking,predicted-return,20,lgbm,small,False,0.030566902319994337,0.030566902319994337,0.17647723759077577,0.5807327001356852,,,,,0.00849102917280105,0.01266827606446669,,0.01580424980212403,False,False,False
lgbm-reg-predicted-return-ranking-20d-qbaselinev1-treeprepv1,ranking,predicted-return,20,lgbm,reg,False,0.03378126104743536,0.03378126104743536,0.20548287693014422,0.5943012211668928,,,,,0.01082591802660725,0.013149350218994044,,0.018288387724444008,False,False,False
lgbm-medium-predicted-return-ranking-20d-qbaselinev1-treeprepv1,ranking,predicted-return,20,lgbm,medium,False,0.01933005657776257,0.01933005657776257,0.1206346357521723,0.5915875169606513,,,,,0.009072992265008692,-0.004558775018053402,,0.0234920832847782,False,False,False
rf-small-direct-ranking-20d-qbaselinev1-treeprepv1,ranking,direct,20,rf,small,True,0.05955352450788349,0.05955352450788349,0.33989515492988104,0.6390773405698779,,,,,0.014954430523772736,0.018417501672757006,,0.03707039305247708,False,False,False
rf-medium-direct-ranking-20d-qbaselinev1-treeprepv1,ranking,direct,20,rf,medium,True,0.04603692788897227,0.04603692788897227,0.2906857285183519,0.621438263229308,,,,,0.00948999322315355,0.041452549335071046,,0.0073682418656357785,False,False,False
rf-wide-direct-ranking-20d-qbaselinev1-treeprepv1,ranking,direct,20,rf,wide,True,0.03395401161571557,0.03395401161571557,0.2410677828046393,0.6363636363636364,,,,,0.0071559510687930995,0.0322595654184102,,0.0014932616468519872,False,False,False
xgb-small-direct-ranking-20d-qbaselinev1-treeprepv1,ranking,direct,20,xgb,small,True,0.05089613427138385,0.05089613427138385,0.33068266938387275,0.6105834464043419,,,,,0.008753931983990222,0.03191040264485674,,0.015997403729657186,True,False,False
xgb-reg-direct-ranking-20d-qbaselinev1-treeprepv1,ranking,direct,20,xgb,reg,True,0.04652085106845927,0.04652085106845927,0.30939866584944836,0.592944369063772,,,,,0.007738449937346992,0.03606469637111494,,0.009392590617459772,False,False,False
xgb-medium-direct-ranking-20d-qbaselinev1-treeprepv1,ranking,direct,20,xgb,medium,True,0.0402803861427673,0.0402803861427673,0.2766086344848259,0.6037991858887382,,,,,0.007766903989106148,0.0389963558284048,,0.00200881436759117,False,False,False
lgbm-small-direct-ranking-20d-qbaselinev1-treeprepv1,ranking,direct,20,lgbm,small,True,0.04134773356336081,0.04134773356336081,0.28946717928339527,0.5902306648575305,,,,,0.007297211609616268,0.03562822322396631,,0.005161184420506688,True,False,False
lgbm-reg-direct-ranking-20d-qbaselinev1-treeprepv1,ranking,direct,20,lgbm,reg,True,0.035353681638502596,0.035353681638502596,0.2450222054711397,0.5725915875169606,,,,,0.0062024694360338795,0.031342696052284555,,0.005108076803762123,False,False,False
lgbm-medium-direct-ranking-20d-qbaselinev1-treeprepv1,ranking,direct,20,lgbm,medium,True,0.03239149680471425,0.03239149680471425,0.22728115421289205,0.587516960651289,,,,,0.00690745379921013,0.02175310041783114,,0.009605755178702435,False,False,False
